{"cameraMode":{"drawMode":0,"name":"Shaded","section":"Shading Mode"},"sceneLighting":true,"audioPlay":false,"sceneViewState":{"m_AlwaysRefresh":false,"showFog":true,"showSkybox":true,"showFlares":true,"showImageEffects":true,"showParticleSystems":true,"showVisualEffectGraphs":true,"m_FxEnabled":true},"in2DMode":false,"pivot":{"x":499.9993591308594,"y":0.049334101378917697,"z":-0.00030441582202911377},"rotation":{"x":0.3559053838253021,"y":0.008410532027482987,"z":-0.0032032509334385397,"w":0.9344786405563355},"size":1.5819884538650513,"orthographic":true}