{"cameraMode":{"drawMode":0,"name":"Shaded","section":"Shading Mode"},"sceneLighting":false,"audioPlay":false,"sceneViewState":{"m_AlwaysRefresh":false,"showFog":true,"showSkybox":false,"showFlares":true,"showImageEffects":true,"showParticleSystems":true,"showVisualEffectGraphs":true,"m_FxEnabled":true},"in2DMode":false,"pivot":{"x":-0.0010726675391197205,"y":0.041006553918123248,"z":-0.0004190206527709961},"rotation":{"x":-0.15220600366592408,"y":-0.6999101042747498,"z":0.15666185319423676,"w":-0.6800264120101929},"size":0.10351107269525528,"orthographic":true}