{"cameraMode":{"drawMode":0,"name":"Shaded","section":"Shading Mode"},"sceneLighting":false,"audioPlay":false,"sceneViewState":{"m_AlwaysRefresh":false,"showFog":true,"showSkybox":false,"showFlares":true,"showImageEffects":true,"showParticleSystems":true,"showVisualEffectGraphs":true,"m_FxEnabled":true},"in2DMode":false,"pivot":{"x":0.000573962926864624,"y":0.01248905062675476,"z":0.0012512058019638062},"rotation":{"x":-0.05517682060599327,"y":0.9447939395904541,"z":-0.23240754008293153,"w":-0.2243131846189499},"size":0.16845344007015229,"orthographic":true}