{"cameraMode":{"drawMode":0,"name":"Shaded","section":"Shading Mode"},"sceneLighting":false,"audioPlay":false,"sceneViewState":{"m_AlwaysRefresh":false,"showFog":true,"showSkybox":false,"showFlares":true,"showImageEffects":true,"showParticleSystems":true,"showVisualEffectGraphs":true,"m_FxEnabled":true},"in2DMode":false,"pivot":{"x":543.4910888671875,"y":648.8085327148438,"z":697.9354248046875},"rotation":{"x":0.3559053838253021,"y":0.008410532027482987,"z":-0.0032032509334385397,"w":0.9344786405563355},"size":152.09396362304688,"orthographic":true}